Model,#MaxDeviation,#AvgDeviation
Model #1,0.3787865381918678,0.1272811943963843
Model #2,0.251078020224596,0.1355650347922674
Model #standard,0.0366412111666769,0.0055991939495247
